{"variables":[],"info":{"name":"Laravel API","_postman_id":"f535c044-41be-451a-b878-1882e27a11a2","description":"","schema":"https:\/\/schema.getpostman.com\/json\/collection\/v2.0.0\/collection.json"},"item":[{"name":"general","description":"","item":[{"name":"Register a new user.","request":{"url":"http:\/\/localhost\/api\/register","method":"POST","header":[{"key":"Accept","value":"application\/json"}],"body":{"mode":"formdata","formdata":[]},"description":"","response":[]}},{"name":"Get a JWT via given credentials.","request":{"url":"http:\/\/localhost\/api\/login","method":"POST","header":[{"key":"Accept","value":"application\/json"}],"body":{"mode":"formdata","formdata":[]},"description":"","response":[]}},{"name":"http:\/\/localhost\/api\/logout","request":{"url":"http:\/\/localhost\/api\/logout","method":"POST","header":[{"key":"Accept","value":"application\/json"}],"body":{"mode":"formdata","formdata":[]},"description":"","response":[]}},{"name":"http:\/\/localhost\/api\/user","request":{"url":"http:\/\/localhost\/api\/user","method":"GET","header":[{"key":"Accept","value":"application\/json"}],"body":{"mode":"formdata","formdata":[]},"description":"","response":[]}},{"name":"http:\/\/localhost\/api\/categories","request":{"url":"http:\/\/localhost\/api\/categories","method":"GET","header":[{"key":"Accept","value":"application\/json"}],"body":{"mode":"formdata","formdata":[]},"description":"","response":[]}},{"name":"http:\/\/localhost\/api\/categories","request":{"url":"http:\/\/localhost\/api\/categories","method":"POST","header":[{"key":"Accept","value":"application\/json"}],"body":{"mode":"formdata","formdata":[]},"description":"","response":[]}},{"name":"http:\/\/localhost\/api\/categories\/{category}","request":{"url":"http:\/\/localhost\/api\/categories\/{category}","method":"GET","header":[{"key":"Accept","value":"application\/json"}],"body":{"mode":"formdata","formdata":[]},"description":"","response":[]}},{"name":"http:\/\/localhost\/api\/categories\/{category}","request":{"url":"http:\/\/localhost\/api\/categories\/{category}","method":"PUT","header":[{"key":"Accept","value":"application\/json"}],"body":{"mode":"urlencoded","urlencoded":[]},"description":"","response":[]}},{"name":"http:\/\/localhost\/api\/categories\/{category}","request":{"url":"http:\/\/localhost\/api\/categories\/{category}","method":"DELETE","header":[{"key":"Accept","value":"application\/json"}],"body":{"mode":"formdata","formdata":[]},"description":"","response":[]}},{"name":"http:\/\/localhost\/api\/newsbycategories\/{category}","request":{"url":"http:\/\/localhost\/api\/newsbycategories\/{category}","method":"GET","header":[{"key":"Accept","value":"application\/json"}],"body":{"mode":"formdata","formdata":[]},"description":"","response":[]}}]}]}